player_1,player_2,windows,PGCI,momentum,xG_diff,SOT_diff
L. Miley,S. Tonali,8,80.30229895750205,15.283333333333335,0.5237375,1.5
L. Miley,J. Murphy,8,77.21556566239428,10.925,0.3531625,1.125
L. Miley,S. Botman,6,72.58146105315153,1.2555555555555549,0.36369999999999997,1.0
F. Schär,J. Murphy,6,70.58059472594012,17.877777777777776,0.33141666666666664,1.0
V. Livramento,A. Elanga,7,69.0891529021087,9.901190476190475,0.24897142857142857,0.5714285714285714
F. Schär,A. Gordon,9,68.44874832529885,16.62037037037037,0.3037666666666667,0.7777777777777778
F. Schär,V. Livramento,8,68.34714583355176,10.198958333333332,0.3306,0.75
F. Schär,L. Miley,7,67.99660443467157,18.484523809523807,0.3296142857142857,1.1428571428571428
A. Ramsdale,A. Gordon,9,67.90624264280085,15.288888888888888,0.31614444444444445,0.6666666666666666
B. Guimarães,A. Elanga,8,67.75921510634278,7.265104166666666,0.23448750000000002,0.625
F. Schär,M. Thiaw,9,67.5499634559165,16.939814814814817,0.48768888888888895,1.1111111111111112
F. Schär,B. Guimarães,13,66.80134404561596,15.644871794871793,0.33180000000000004,0.8461538461538461
W. Osula,S. Tonali,6,66.39803741094612,4.588888888888889,0.37271666666666664,0.5
L. Miley,M. Thiaw,15,66.3479554461052,10.896666666666667,0.32516666666666666,1.0
V. Livramento,A. Gordon,8,66.06880126981686,8.823958333333334,0.25775,0.625
L. Miley,A. Ramsdale,9,66.02476287627368,12.368518518518519,0.1497111111111111,0.6666666666666666
A. Ramsdale,M. Thiaw,13,65.90063052618768,11.388461538461538,0.22517692307692305,0.6153846153846154
F. Schär,L. Hall,6,65.540467389781,18.731944444444444,0.3118166666666667,1.0
F. Schär,S. Tonali,7,65.34525833118462,19.20952380952381,0.4538142857142858,1.1428571428571428
F. Schär,N. Woltemade,9,65.07600509877695,14.67962962962963,0.24535555555555552,0.5555555555555556
V. Livramento,H. Barnes,10,64.99095796824017,7.325,0.20878999999999998,0.7
J. Murphy,S. Tonali,13,64.57945005484511,8.230769230769228,0.2912846153846154,0.7692307692307693
A. Ramsdale,B. Guimarães,10,64.53289010050835,11.644166666666667,0.19361999999999996,0.5
A. Ramsdale,J. Ramsey,7,64.15981153489246,14.076190476190476,0.27378571428571424,0.42857142857142855
J. Willock,B. Guimarães,8,64.08652032069065,3.7588541666666666,0.31144999999999995,0.625
L. Miley,N. Pope,8,63.308471598351396,8.357291666666667,0.420925,1.125
L. Miley,B. Guimarães,16,63.27087978351403,9.7609375,0.2803,0.8125
L. Miley,V. Livramento,8,62.94007837261432,7.68125,0.16203749999999997,0.875
L. Miley,H. Barnes,9,62.88354805639532,10.552777777777779,0.2622333333333333,0.8888888888888888
L. Miley,A. Gordon,9,62.72440899793734,15.976851851851855,0.2914777777777778,0.8888888888888888
F. Schär,Joelinton,9,61.98333829411268,13.64351851851852,0.3428444444444445,0.8888888888888888
F. Schär,H. Barnes,9,61.98333829411268,13.64351851851852,0.3428444444444445,0.8888888888888888
F. Schär,N. Pope,9,61.98333829411268,13.64351851851852,0.3428444444444445,0.8888888888888888
L. Miley,L. Hall,12,61.86895885012441,13.853472222222223,0.2107083333333333,0.8333333333333334
W. Osula,M. Thiaw,7,61.79924906699269,3.438095238095238,0.2912285714285714,0.2857142857142857
W. Osula,S. Botman,7,61.79924906699269,3.438095238095238,0.2912285714285714,0.2857142857142857
J. Willock,S. Botman,7,61.23962525109518,0.9541666666666666,0.2505285714285714,0.5714285714285714
L. Miley,Joelinton,14,61.118033903544145,8.622023809523808,0.2875,0.9285714285714286
J. Murphy,Joelinton,10,61.02230460387178,5.966666666666667,0.32702,0.9
J. Murphy,M. Thiaw,15,61.01935341945821,6.2622222222222215,0.27232666666666666,0.6666666666666666
V. Livramento,N. Pope,7,60.56874801134434,7.78095238095238,0.259,0.7142857142857143
A. Ramsdale,V. Livramento,9,60.4550122851432,9.412037037037036,0.1730333333333333,0.5555555555555556
A. Ramsdale,A. Elanga,8,60.42427229148373,9.181249999999999,0.2883,0.5
J. Murphy,B. Guimarães,14,60.224934920124376,6.738095238095236,0.2726214285714286,0.6428571428571429
A. Ramsdale,L. Hall,11,59.89461685012579,11.387121212121212,0.15957272727272723,0.5454545454545454
V. Livramento,L. Hall,8,59.52937646558888,6.022916666666667,0.11759999999999998,0.625
V. Livramento,Joelinton,13,59.474302918632105,8.332051282051282,0.1900461538461538,0.6923076923076923
J. Willock,D. Burn,8,59.46978169129982,2.1005208333333334,0.1756875,0.5
J. Murphy,V. Livramento,7,58.97853970240654,11.361904761904759,0.2682,0.8571428571428571
V. Livramento,B. Guimarães,14,58.87656950434556,8.10297619047619,0.21852857142857146,0.5714285714285714
A. Ramsdale,N. Woltemade,11,58.39744529268268,11.318939393939395,0.15126363636363632,0.36363636363636365
L. Miley,D. Burn,8,57.80306402002378,2.8479166666666664,0.23708749999999998,0.625
W. Osula,B. Guimarães,6,57.37303022198315,0.3444444444444444,0.3014333333333333,0.0
J. Murphy,H. Barnes,8,57.25054042535996,7.591666666666667,0.2534875,0.5
V. Livramento,D. Burn,10,57.19538981561567,9.5175,0.13202999999999998,0.4
V. Livramento,M. Thiaw,13,57.03671951719569,8.64423076923077,0.2370076923076923,0.6153846153846154
B. Guimarães,A. Gordon,15,56.92924642796637,9.977500000000001,0.21561333333333335,0.5333333333333333
J. Willock,M. Thiaw,11,56.817305297384785,2.4670454545454543,0.13885454545454542,0.2727272727272727
A. Gordon,J. Ramsey,10,56.44187155381245,8.067916666666665,0.10045,0.2
J. Murphy,S. Botman,10,56.346989411096196,1.2799999999999998,0.21390999999999996,0.5
J. Murphy,A. Gordon,7,56.0057073826987,9.20952380952381,0.07644285714285713,0.42857142857142855
A. Ramsdale,H. Barnes,6,55.34281045048984,5.186111111111111,0.07838333333333332,0.16666666666666666
V. Livramento,N. Woltemade,13,54.896386497792385,6.931410256410256,0.2045923076923077,0.46153846153846156
L. Miley,N. Woltemade,10,54.66436509995659,9.2375,0.04974999999999998,0.3
A. Elanga,Joelinton,8,54.542958389048664,10.111458333333333,0.121525,0.0
J. Murphy,N. Pope,11,54.37372044164409,3.3515151515151516,0.2842636363636364,0.6363636363636364
Joelinton,H. Barnes,14,54.323268754914885,10.741071428571429,0.20161428571428572,0.5
A. Gordon,L. Hall,14,54.26862122418947,13.373809523809525,0.13455,0.2857142857142857
Joelinton,S. Tonali,14,54.17602678057725,10.436309523809523,0.3124642857142858,0.5714285714285714
B. Guimarães,Joelinton,21,54.0504627706796,7.60515873015873,0.21871428571428572,0.5238095238095238
A. Ramsdale,Joelinton,8,54.03601790165618,8.507291666666667,0.15817499999999998,0.5
A. Elanga,M. Thiaw,11,53.84040424805964,6.523863636363638,0.08247272727272724,0.09090909090909091
J. Willock,N. Pope,8,53.75999369596884,-0.46510416666666665,0.07846249999999998,0.25
A. Ramsdale,D. Burn,9,53.71046425909665,8.13148148148148,0.20602222222222222,0.3333333333333333
B. Guimarães,S. Tonali,18,53.248781832244646,8.518518518518519,0.2711333333333334,0.3888888888888889
A. Elanga,D. Burn,13,53.16202301245669,6.935576923076923,0.06761538461538458,0.0
A. Gordon,S. Tonali,11,52.50213568247306,12.391666666666667,0.12097272727272725,0.36363636363636365
A. Gordon,M. Thiaw,18,52.35791605003191,9.684027777777777,0.1521722222222222,0.3333333333333333
A. Elanga,N. Woltemade,9,52.02721992963744,11.378703703703703,0.1033333333333333,0.0
Joelinton,M. Thiaw,20,51.980107689245685,8.057916666666667,0.25096999999999997,0.5
Joelinton,N. Pope,17,51.959431244786536,8.962254901960785,0.21210588235294117,0.35294117647058826
B. Guimarães,M. Thiaw,29,51.73700832001266,6.544396551724137,0.21147241379310344,0.3448275862068966
B. Guimarães,D. Burn,19,51.338089744834,4.58530701754386,0.11828421052631578,0.3157894736842105
B. Guimarães,H. Barnes,20,51.300231055272505,7.296041666666667,0.16644000000000003,0.3
A. Elanga,H. Barnes,7,51.1374450666428,0.7517857142857147,-0.08894285714285714,0.0
J. Murphy,D. Burn,7,51.11679629682088,-0.12380952380952388,0.19305714285714284,0.5714285714285714
A. Elanga,A. Gordon,10,50.39591003400905,7.5112499999999995,0.06979999999999997,-0.2
S. Tonali,M. Thiaw,22,50.3943424160896,7.859469696969697,0.18832727272727273,0.18181818181818182
B. Guimarães,J. Ramsey,11,49.669547365325315,7.2003787878787895,0.10509090909090911,0.0
B. Guimarães,L. Hall,16,49.47478547000722,9.8734375,0.12799374999999996,0.125
A. Gordon,N. Woltemade,14,49.30374836203055,10.325,0.06367142857142856,-0.07142857142857142
J. Willock,J. Ramsey,7,49.20242321437589,1.3625000000000003,-0.029999999999999995,-0.14285714285714285
Joelinton,S. Botman,10,49.186911346259066,2.6,0.14397,0.3
S. Tonali,S. Botman,12,49.11815223326342,3.405555555555555,0.1611416666666666,0.08333333333333333
B. Guimarães,N. Woltemade,21,49.09260559156777,7.538095238095239,0.11284285714285713,0.14285714285714285
J. Murphy,N. Woltemade,10,48.99953671698104,6.840000000000001,0.12962,0.3
Joelinton,A. Gordon,13,48.98628857535864,10.156410256410254,0.17679230769230767,0.23076923076923078
J. Ramsey,N. Woltemade,10,48.529872590557446,9.505833333333333,0.10276999999999999,-0.1
B. Guimarães,N. Pope,23,48.50052790282793,5.403079710144927,0.1791608695652174,0.2608695652173913
Joelinton,D. Burn,17,48.493433064624654,6.5779411764705875,0.0966176470588235,0.058823529411764705
M. Thiaw,J. Ramsey,15,48.41587593165203,5.4763888888888905,0.05813333333333333,-0.06666666666666667
J. Willock,A. Gordon,7,48.40700944936664,3.133928571428572,-0.022728571428571424,0.0
A. Elanga,J. Ramsey,7,48.26658191428431,3.3541666666666674,0.07351428571428571,0.0
M. Thiaw,L. Hall,20,48.17168466672638,9.634583333333335,0.07984999999999998,0.0
A. Gordon,H. Barnes,10,47.70393243890347,6.180416666666668,0.05924,0.2
Joelinton,L. Hall,14,47.393204968890636,11.120238095238095,0.12829285714285715,0.21428571428571427
S. Tonali,L. Hall,13,47.15009408905284,12.351923076923079,0.0989384615384615,-0.07692307692307693
L. Hall,N. Woltemade,15,46.969844092903145,9.991666666666667,0.004413333333333321,-0.2
M. Thiaw,H. Barnes,18,46.36044692993849,4.5405092592592595,0.14316666666666666,0.16666666666666666
M. Thiaw,N. Woltemade,21,45.79446590474623,7.428968253968254,0.08925714285714284,-0.047619047619047616
H. Barnes,N. Pope,17,45.78985309562709,6.46299019607843,0.11520588235294119,0.11764705882352941
H. Barnes,N. Woltemade,13,45.66524185707088,5.439102564102564,0.08445384615384616,0.0
M. Thiaw,S. Botman,17,45.61175317860136,1.8360294117647058,0.09569411764705879,0.0
A. Elanga,L. Hall,9,45.540079781883534,7.128703703703703,-0.013011111111111152,-0.2222222222222222
M. Thiaw,D. Burn,21,45.42529856452526,3.5537698412698413,0.05885714285714282,0.047619047619047616
S. Tonali,D. Burn,12,44.08133727186282,4.309027777777778,0.018533333333333325,-0.08333333333333333
B. Guimarães,S. Botman,16,43.94987055409089,-0.2450520833333334,0.09488749999999999,-0.0625
A. Gordon,S. Botman,9,43.906045742977454,0.8532407407407407,0.026922222222222236,0.2222222222222222
B. Guimarães,K. Trippier,12,43.86196269373866,3.8288194444444437,0.011441666666666662,-0.25
S. Tonali,N. Woltemade,13,43.72069408795165,9.776923076923076,0.05893846153846153,-0.15384615384615385
A. Gordon,D. Burn,14,43.552033599428896,4.950892857142857,0.02617142857142855,-0.21428571428571427
Joelinton,K. Trippier,7,43.330264248328795,12.034523809523808,-0.007228571428571445,-0.42857142857142855
S. Tonali,N. Pope,18,43.29828032874998,6.316666666666666,0.14366111111111107,0.0
H. Barnes,D. Burn,11,43.175505996009356,3.060227272727273,-0.11366363636363634,-0.09090909090909091
Joelinton,N. Woltemade,16,42.78603527815108,7.4046875000000005,0.03636875000000002,-0.0625
D. Burn,N. Pope,15,42.737473675411394,3.0652777777777778,-0.04024666666666669,-0.13333333333333333
H. Barnes,L. Hall,14,42.64885865326854,6.160119047619048,0.04928571428571428,-0.14285714285714285
D. Burn,N. Woltemade,16,42.53745888668686,7.4796875,0.010899999999999972,-0.0625
H. Barnes,K. Trippier,11,42.27598226545363,2.8556818181818175,-0.041836363636363665,-0.36363636363636365
N. Pope,S. Botman,15,41.95097303547474,-0.5280555555555554,0.08249333333333332,-0.06666666666666667
M. Thiaw,N. Pope,22,41.862430783456176,4.144507575757576,0.11780909090909092,0.0
A. Elanga,K. Trippier,7,41.545080311501366,4.417261904761905,-0.11708571428571432,-0.5714285714285714
A. Gordon,N. Pope,13,41.20149727156494,5.372115384615385,-0.022853846153846155,-0.07692307692307693
S. Tonali,H. Barnes,12,41.14454131298003,6.194444444444443,0.16125833333333334,-0.08333333333333333
L. Hall,S. Botman,9,40.94011272828602,4.266666666666667,0.021133333333333327,-0.4444444444444444
S. Tonali,K. Trippier,11,40.54364658304792,6.634090909090909,-0.04032727272727277,-0.5454545454545454
L. Hall,J. Ramsey,11,40.40493790112679,6.218939393939394,-0.039700000000000006,-0.5454545454545454
J. Willock,K. Trippier,6,39.620491789184534,-0.38680555555555546,-0.16963333333333333,-0.3333333333333333
D. Burn,S. Botman,11,39.60590843293669,0.025378787878788053,0.07651818181818183,0.09090909090909091
S. Tonali,J. Ramsey,9,39.548681558670026,5.437962962962963,-0.044388888888888894,-0.4444444444444444
D. Burn,J. Ramsey,9,39.392526674072975,1.8680555555555556,-0.0010000000000000132,-0.2222222222222222
D. Burn,K. Trippier,12,38.659764487254414,5.371180555555555,-0.1051166666666667,-0.3333333333333333
H. Barnes,S. Botman,11,38.507836963494626,0.9768939393939394,0.02481818181818181,-0.36363636363636365
L. Hall,D. Burn,11,37.26006527608653,6.190151515151515,-0.08553636363636366,-0.45454545454545453
N. Pope,K. Trippier,14,37.02423971087735,4.2699404761904765,-0.1248714285714286,-0.5714285714285714
N. Woltemade,N. Pope,14,36.569633788323905,5.763690476190476,0.0012928571428571334,-0.35714285714285715
A. Gordon,K. Trippier,9,36.52150649227852,3.576388888888889,-0.1269777777777778,-0.5555555555555556
M. Thiaw,K. Trippier,14,36.06079407343203,2.3895833333333334,-0.06243571428571431,-0.5714285714285714
L. Hall,N. Pope,12,35.46606117206566,7.540972222222222,-0.03278333333333335,-0.5833333333333334
S. Botman,K. Trippier,11,35.170506992431726,1.6435606060606056,-0.0020000000000000018,-0.45454545454545453
N. Woltemade,S. Botman,10,32.70113607700252,-0.3,-0.005530000000000005,-0.4
J. Ramsey,K. Trippier,9,32.55755466410094,-1.6717592592592596,-0.06376666666666668,-0.5555555555555556
J. Ramsey,N. Pope,9,32.516441925609,-0.8949074074074073,-0.12409999999999997,-0.5555555555555556
L. Hall,K. Trippier,9,31.83980019631859,4.619444444444444,-0.09732222222222225,-1.0
H. Barnes,J. Ramsey,9,31.785646476940297,-0.31712962962962965,-0.0860111111111111,-0.5555555555555556
N. Woltemade,K. Trippier,9,28.462062396255053,7.855555555555556,-0.10928888888888891,-0.7777777777777778
J. Ramsey,S. Botman,8,28.00506211454116,-0.7901041666666667,-0.06246249999999999,-0.75
