player_id,player,windows,PGCI,momentum,xG_diff,SOT_diff,absent_windows,PGCI_vs_absent
474,F. Schär,13,66.80134404561596,15.644871794871793,0.33180000000000004,0.8461538461538461,27,22.902806191053926
497,L. Miley,17,64.74650815725145,10.480882352941178,0.27734117647058826,0.8823529411764706,23,23.312275287994588
674,A. Ramsdale,14,62.30262256717054,11.170238095238094,0.20392142857142856,0.5,26,16.8625733854092
500,W. Osula,7,61.79924906699269,3.438095238095238,0.2912285714285714,0.2857142857142857,33,12.675514182228035
489,J. Murphy,16,61.68459140416267,7.504166666666666,0.257975,0.6875,24,17.237735895846846
477,V. Livramento,16,60.504771665356195,8.6984375,0.21064375,0.625,24,15.271369664502728
494,J. Willock,11,56.817305297384785,2.4670454545454543,0.13885454545454542,0.2727272727272727,29,7.5522143872141
488,B. Guimarães,33,53.35881947788261,7.2943181818181815,0.18354242424242426,0.3333333333333333,7,11.524969207017442
486,A. Elanga,13,53.16202301245669,6.935576923076923,0.06761538461538458,0.0,27,2.6964046604476053
490,Joelinton,25,52.62393897498483,8.816666666666666,0.194848,0.4,15,3.4186376222140424
485,A. Gordon,22,52.12616583252508,9.428977272727273,0.11582727272727272,0.22727272727272727,18,1.7427021463789387
491,S. Tonali,23,51.319073666465236,8.653985507246377,0.18199565217391306,0.21739130434782608,17,-0.05382635338662567
684,M. Thiaw,35,50.79090497361359,6.835119047619047,0.15768857142857143,0.22857142857142856,5,-4.40835914432774
487,H. Barnes,23,48.28192892733041,6.129891304347827,0.10560000000000001,0.13043478260869565,17,-7.2000492689979865
473,L. Hall,23,47.149283452877036,9.380434782608695,0.05921304347826086,-0.043478260869565216,17,-9.865097444182425
476,D. Burn,24,46.852345144293366,4.965104166666666,0.05210416666666667,0.041666666666666664,16,-11.224011805902975
52,J. Ramsey,16,46.36041612967051,5.654947916666666,0.049975000000000006,-0.125,24,-8.302556228306742
714,N. Woltemade,25,46.17387085024176,8.208,0.06727999999999998,-0.04,15,-13.781544043767461
469,N. Pope,26,45.44004918176134,5.465544871794872,0.09676923076923075,0.038461538461538464,14,-16.8625733854092
475,S. Botman,19,45.39635902896123,1.5866228070175439,0.09245789473684209,0.0,21,-11.324934928939676
478,K. Trippier,17,39.72800768447404,4.5874999999999995,-0.050564705882352956,-0.47058823529411764,23,-20.198160316835697
