match_id,goal_t,PGCI,momentum,xg_diff,sot_diff,venue
25-26-prem-newcastle-united-vs-fulham,18.0,9.239373601789708,-7.666666666666667,-0.1764,-1,Home
25-26-prem-newcastle-united-vs-tottenham-hotspur,71.0,73.68094090391045,17.066666666666666,0.6988,1,Home
25-26-prem-liverpool-vs-newcastle-united,36.0,13.503413675390505,-17.0,-0.9085000000000001,-2,Away
25-26-prem-nottingham-forest-vs-newcastle-united,74.0,0.0,4.2,-0.37160000000000004,-2,Away
25-26-prem-newcastle-united-vs-burnley,45.0,58.45509117680372,20.25,0.5972,0,Home
25-26-prem-newcastle-united-vs-burnley,31.0,81.00750607886668,6.875,0.22160000000000002,1,Home
25-26-prem-crystal-palace-vs-newcastle-united,43.0,88.35656213704995,22.0,0.23,2,Away
25-26-prem-newcastle-united-vs-arsenal,34.0,16.666666666666664,0.0,-0.013,0,Home
25-26-prem-west-ham-united-vs-newcastle-united,4.0,51.224707135250256,-7.066666666666666,0.0045999999999999965,0,Away
25-26-prem-newcastle-united-vs-afc-bournemouth,68.0,73.93333333333332,4.0,0.2808,0,Home
25-26-prem-newcastle-united-vs-crystal-palace,71.0,82.73342670401495,17.0,0.4364,2,Home
25-26-prem-newcastle-united-vs-brighton-hove-albion,24.0,92.35699883264353,0.3333333333333333,1.4785,3,Home
25-26-prem-newcastle-united-vs-brighton-hove-albion,12.0,100.0,-1.7333333333333334,0.167,1,Home
25-26-prem-newcastle-united-vs-wolverhampton-wanderers,29.0,71.6631611747293,26.133333333333333,0.042700000000000016,1,Home
25-26-prem-manchester-city-vs-newcastle-united,22.0,43.346970582505364,10.333333333333334,-0.1366,0,Away
25-26-prem-newcastle-united-vs-chelsea,20.0,100.0,24.666666666666668,0.0271,1,Home
25-26-prem-newcastle-united-vs-chelsea,4.0,71.10483069032291,28.8,0.38189999999999996,1,Home
25-26-prem-newcastle-united-vs-west-ham-united,65.0,34.20651900327209,-3.466666666666667,-0.1977,-1,Home
25-26-prem-newcastle-united-vs-west-ham-united,19.0,0.0,-9.466666666666667,-0.25370000000000004,-2,Home
25-26-prem-newcastle-united-vs-west-ham-united,15.0,43.74133016264996,12.4,0.3337,-1,Home
25-26-prem-newcastle-united-vs-leeds-united,54.0,71.60249841409261,-9.4,0.20229999999999998,1,Home
25-26-prem-newcastle-united-vs-leeds-united,36.0,33.86880856760375,24.125,-0.365,-1,Home
25-26-prem-newcastle-united-vs-manchester-united,45.0,67.57492225049477,5.875,0.6801999999999999,1,Home
25-26-prem-brentford-vs-newcastle-united,27.0,16.666666666666664,-10.866666666666667,-0.15200000000000002,0,Away
25-26-prem-burnley-vs-newcastle-united,7.0,16.666666666666664,14.2,-0.0542,0,Away
25-26-prem-burnley-vs-newcastle-united,2.0,100.0,30.0,1.6788,4,Away
25-26-prem-newcastle-united-vs-sunderland,10.0,15.52851909994767,8.333333333333334,-0.07239999999999999,-1,Home
25-26-prem-tottenham-hotspur-vs-newcastle-united,68.0,28.638622648207313,8.933333333333334,-0.1468,0,Away
25-26-prem-tottenham-hotspur-vs-newcastle-united,45.0,58.44965053598147,-11.1875,0.1331000000000001,1,Away
25-26-prem-newcastle-united-vs-liverpool,57.0,83.33333333333334,10.066666666666666,0.0442,0,Home
25-26-prem-newcastle-united-vs-manchester-city,70.0,16.666666666666664,1.8,-0.0321,0,Home
25-26-prem-newcastle-united-vs-manchester-city,63.0,81.31548311990686,8.866666666666667,1.1325,1,Home
25-26-prem-chelsea-vs-newcastle-united,18.0,55.447811447811446,3.7333333333333334,0.08090000000000001,0,Away
25-26-prem-newcastle-united-vs-brentford,24.0,59.57777428975043,10.066666666666666,0.23869999999999994,0,Home
25-26-prem-everton-vs-newcastle-united,58.0,0.0,-0.26666666666666666,-0.45220000000000005,-1,Away
25-26-prem-everton-vs-newcastle-united,45.0,75.65436564099875,2.25,0.44889999999999997,2,Away
25-26-prem-everton-vs-newcastle-united,25.0,83.33333333333334,14.933333333333334,0.0427,0,Away
25-26-prem-everton-vs-newcastle-united,1.0,28.159499847514486,-2.1333333333333333,-0.3106,0,Away
25-26-prem-newcastle-united-vs-everton,32.0,9.078752702856493,24.5,-0.5596000000000001,-3,Home
25-26-prem-newcastle-united-vs-nottingham-forest,58.0,46.8937875751503,17.0,-0.009300000000000003,0,Home
